,Headline,Positive,Negative,Neutral,date,article_id
0,quotation of the day for monday january 26 2015,0.019195323809981346,0.05419866740703583,0.9266060590744019,26/01/2015,5418
1,farming science without the conscience,0.04855840280652046,0.037575848400592804,0.9138658046722412,26/01/2015,5446
2,toller cranston a pioneer on ice dies at 65,0.055328335613012314,0.1936596781015396,0.7510120272636414,26/01/2015,5419
3,snow day approaches,0.042185354977846146,0.2966255247592926,0.661189079284668,26/01/2015,5539
4,senate democrats filibuster g o p attempt to force keystone vote,0.09589298069477081,0.32812631130218506,0.5759807229042053,26/01/2015,5651
5,snowfall totals around the region,0.07020644843578339,0.3629937767982483,0.5667998194694519,26/01/2015,5537
6,eddie redmayne on ignoring the odds,0.1272798627614975,0.17185793817043304,0.7008622288703918,26/01/2015,5505
7,paris couture week versace spring summer 2015,0.04025333747267723,0.03720959648489952,0.9225370287895203,26/01/2015,5503
8,maduro en su laberinto,0.6018496751785278,0.034079376608133316,0.36407092213630676,26/01/2015,5439
9,unsafe e cigarettes,0.052567604929208755,0.03608659654855728,0.9113457798957825,26/01/2015,5440
10,amazon and its friends,0.03315338119864464,0.02149912714958191,0.9453474879264832,26/01/2015,5460
11,26scene versace,0.05524298921227455,0.021133391186594963,0.9236235618591309,26/01/2015,5499
12,midnight three six,0.026122182607650757,0.09448900818824768,0.8793888688087463,26/01/2015,5498
13,seeing phoenix for the super bowl and beyond,0.1604110300540924,0.014166818000376225,0.8254221677780151,26/01/2015,5497
14,daily clip report 109,0.02570190466940403,0.05071771517395973,0.9235803484916687,26/01/2015,5474
15,tough on crime fadeout what constitutes safety,0.031600382179021835,0.04485645517706871,0.9235431551933289,26/01/2015,5441
16,paul krugman ending greeces nightmare,0.04588238522410393,0.27148985862731934,0.68262779712677,26/01/2015,5442
17,christian dior spring 2015 couture,0.04538441821932793,0.034453198313713074,0.9201623797416687,26/01/2015,5506
18,1915 attack on egypt imminent,0.02642200142145157,0.23104847967624664,0.7425294518470764,26/01/2015,5492
19,who gets a raise,0.037519607692956924,0.0660514086484909,0.8964290022850037,26/01/2015,5488
20,at universities a push for data driven career services,0.21078279614448547,0.012895245105028152,0.7763220071792603,26/01/2015,5487
21,kanye west is a visionary and he has an b e t award to prove it,0.33579128980636597,0.011933596804738045,0.6522750854492188,26/01/2015,5485
22,rock tenn and meadwestvaco 2 packaging giants to merge,0.07598265260457993,0.01072627492249012,0.9132910966873169,26/01/2015,5484
23,blizzard questions including why a european weather model excels at u s forecasts,0.0607977956533432,0.03303704783320427,0.9061651229858398,26/01/2015,5483
24,a radio hosts strategy for christie let him rant,0.07266619056463242,0.0846739187836647,0.8426598310470581,26/01/2015,5482
25,zephyr teachout on sheldon silver corruption and new york politics,0.05102846026420593,0.0746399536728859,0.874331533908844,26/01/2015,5444
26,shakeups in best picture and best actor races,0.42048749327659607,0.21397866308689117,0.36553385853767395,26/01/2015,5480
27,contrasting perspectives on the price of medicines,0.09019061177968979,0.03992771729826927,0.8698816299438477,26/01/2015,5445
28,saint gobain suffers setback in bid for control of swiss chemical maker,0.020347345620393753,0.9673790335655212,0.01227354072034359,26/01/2015,5478
29,ocwen and bondholders clash over mortgage services,0.010846033692359924,0.9363893866539001,0.05276450887322426,26/01/2015,5477
30,when the elderly face social rejection,0.03336649015545845,0.5229687690734863,0.4436647891998291,26/01/2015,5443
31,let the right one in a stark vampire love story,0.07915983349084854,0.042627885937690735,0.8782122731208801,26/01/2015,5406
32,mr maduro in his labyrinth,0.11663984507322311,0.09458756446838379,0.7887726426124573,26/01/2015,5438
33,sundance 2015 scientology documentary draws crush of festgoers,0.16038618981838226,0.07545636594295502,0.7641574740409851,26/01/2015,5510
34,sundance 2015 common erykah badu nina simone,0.06018216162919998,0.06888112425804138,0.8709366917610168,26/01/2015,5536
35,26blizzard callout,0.03716731071472168,0.04115698114037514,0.9216757416725159,26/01/2015,5535
36,tom petty to share credit for sam smiths stay with me,0.1074429452419281,0.015159988775849342,0.8773970603942871,26/01/2015,5534
37,officials accused of dining on endangered salamander,0.03036903217434883,0.7914844155311584,0.17814654111862183,26/01/2015,5432
38,reading list for a better understanding of events in saudi arabia,0.099303238093853,0.01942978985607624,0.8812670111656189,26/01/2015,5532
39,20150126_blizzard1888_nyc,0.04359406977891922,0.10827372968196869,0.8481321334838867,26/01/2015,5831
40,the curious incident of the dog in the night time recoups on broadway,0.08447714895009995,0.06029732897877693,0.8552255630493164,26/01/2015,5530
41,Screen Actors Guild Award,0.09743138402700424,0.15143869817256927,0.7511298656463623,26/01/2015,5528
42,photos ebola daniel berehulak,0.03656565025448799,0.059494663029909134,0.9039396643638611,26/01/2015,5527
43,romney to larry king ill decide in two weeks,0.06459604948759079,0.351993203163147,0.5834107398986816,26/01/2015,5434
44,perry finds an admiring audience on the road in iowa,0.7093634009361267,0.012820434756577015,0.27781611680984497,26/01/2015,5472
45,cat death with dignity,0.06083964183926582,0.1164083331823349,0.8227519989013672,26/01/2015,5437
46,27prexy ss,0.056556593626737595,0.029914019629359245,0.9135293960571289,26/01/2015,5462
47,first draft focus a wintry mix for washington,0.16227377951145172,0.018112661316990852,0.8196135759353638,26/01/2015,5522
48,can torture ever be moral,0.02735976129770279,0.150150865316391,0.8224893808364868,26/01/2015,5435
49,1965 fiery suicide in vietnam,0.03697348013520241,0.49316689372062683,0.46985962986946106,26/01/2015,5520
50,aer lingus international consolidated airlines group british airways iberia parent,0.04410238191485405,0.017042823135852814,0.9388547539710999,26/01/2015,5436
51,mens fall winter 2015 runway trend vinyl,0.041769035160541534,0.06457623839378357,0.8936547040939331,26/01/2015,5518
52,sicherman,0.07894103974103928,0.03011474944651127,0.8909441232681274,26/01/2015,5517
53,china to force authors to provide real names when publishing online,0.021326487883925438,0.24187423288822174,0.7367992401123047,26/01/2015,5473
54,after a bad decision avoid the shame and the blame,0.041619401425123215,0.13961738348007202,0.8187631964683533,26/01/2015,5515
55,att to buy nextel mexico for 1 9 billion,0.05413671210408211,0.012789253145456314,0.9330740571022034,26/01/2015,5514
56,sundance 2015 a buying spree propelled by video on demand,0.25940239429473877,0.06070522218942642,0.679892361164093,26/01/2015,5513
57,no comment necessary donald trump border fence builder,0.03615625947713852,0.0469861775636673,0.9168576002120972,26/01/2015,5512
58,new york today crippling and potentially historic blizzard,0.015745094045996666,0.8765881657600403,0.10766679793596268,26/01/2015,5461
59,corrections january 26 2015,0.02363608218729496,0.0687786266207695,0.9075853228569031,26/01/2015,5431
60,a mobile umbilical cord off the table but still connected,0.10113415867090225,0.6088424324989319,0.2900233566761017,26/01/2015,5593
61,26Most,0.032541267573833466,0.07445403933525085,0.8930046558380127,26/01/2015,5403
62,night will fall examines the making of a 1945 holocaust documentary,0.03665757551789284,0.059077341109514236,0.9042651057243347,26/01/2015,5350
63,tricky ratio of chief executives pay to workers,0.031917471438646317,0.12230685353279114,0.8457756638526917,26/01/2015,5644
64,german quandary of how to deal with anti immigration movement,0.046067941933870316,0.12683984637260437,0.827092170715332,26/01/2015,5380
65,gidon kremer and daniil trifonov team up at carnegie hall,0.10192158073186874,0.018148032948374748,0.8799304366111755,26/01/2015,5349
66,test yourself virtual reality and the news,0.04075821861624718,0.03154854103922844,0.927693247795105,26/01/2015,5451
67,20150126instagram nytnow,0.03299859166145325,0.037168893963098526,0.9298325777053833,26/01/2015,5685
68,investment riches built on auto loans to poor,0.19441469013690948,0.013947057537734509,0.7916383147239685,26/01/2015,5641
69,romneys consideration of candidacy is closely tied to his faith allies say,0.12120697647333145,0.012544860132038593,0.8662481904029846,26/01/2015,5381
70,anne teresa de keersmaekers golden hours at kaaitheater in brussels,0.14965325593948364,0.025948943570256233,0.8243978023529053,26/01/2015,5346
71,lionboy a fairy tale set in a dystopian future,0.048583727329969406,0.08995755761861801,0.8614587783813477,26/01/2015,5345
72,a fed meeting the gdp estimate and reports from shell and ford motor,0.04398326948285103,0.023836329579353333,0.9321804642677307,26/01/2015,5382
73,the hunting ground a film about rape culture at colleges,0.05827712640166283,0.10243929922580719,0.8392835259437561,26/01/2015,5343
74,mark wahlberg and the purpose of pardons,0.029108181595802307,0.05225343257188797,0.9186384081840515,26/01/2015,5448
75,women fighting for their land and opportunity,0.09902404993772507,0.03475172072649002,0.8662242293357849,26/01/2015,5452
76,nba game of the week clippers at spurs,0.06768504530191422,0.04604703187942505,0.886267900466919,26/01/2015,5341
77,jonathan biss plays beethoven at the 92nd street y,0.03363199904561043,0.050000015646219254,0.9163679480552673,26/01/2015,5340
78,do poor people have it easy,0.03740718215703964,0.17409087717533112,0.7885019183158875,26/01/2015,5453
79,the supreme court meets the real world,0.02426495961844921,0.05094406381249428,0.9247909784317017,26/01/2015,5637
80,guantanamo diary by mohamedou ould slahi,0.03496841341257095,0.14102737605571747,0.8240041732788086,26/01/2015,5338
81,nick kyrgios is nicknamed the wild thing with good reason,0.09231328964233398,0.02031559683382511,0.8873710632324219,26/01/2015,5336
82,by blocking view of the brooklyn bridge a building incites a battle,0.01241456437855959,0.8837472200393677,0.1038382276892662,26/01/2015,5383
83,18christie radio interviews,0.036196134984493256,0.0393298901617527,0.9244739413261414,26/01/2015,5405
84,halting progress for 3 chicagoans held up by janet yellen as recessions symbols,0.009288393892347813,0.9556048512458801,0.03510674089193344,26/01/2015,5384
85,two employees dead in shooting at home depot in chelsea,0.01938686892390251,0.8930636644363403,0.08754941821098328,26/01/2015,5351
86,defense in long awaited trial will argue another man killed etan patz,0.0801902562379837,0.5184254050254822,0.4013843834400177,26/01/2015,5379
87,heng shrinking growth in china,0.26374688744544983,0.6958751082420349,0.040378015488386154,26/01/2015,5352
88,treasury auctions set for the week of jan 26,0.018215816468000412,0.0556524395942688,0.9261317849159241,26/01/2015,5378
89,20150126NAVAJO,0.04205886647105217,0.03477729484438896,0.9231638312339783,26/01/2015,5373
90,chitresh das influential performer and educator of indian dance dies at 70,0.15953341126441956,0.022788548842072487,0.8176780343055725,26/01/2015,5371
91,gotham recap a victory for good with help from a thug,0.8071421384811401,0.01720663346350193,0.17565123736858368,26/01/2015,5654
92,20150126instagram storm,0.04355297237634659,0.030507635325193405,0.9259393811225891,26/01/2015,5655
93,unease for what microsofts hololens will mean for our screen obsessed lives,0.05814969912171364,0.02451513148844242,0.9173351526260376,26/01/2015,5370
94,michael bloomberg shakes up newsroom side of his company,0.019541703164577484,0.5631076097488403,0.4173506498336792,26/01/2015,5369
95,two japanese hostages as different as can be linked by fate in syria,0.05059437453746796,0.04809696227312088,0.9013087153434753,26/01/2015,5375
96,de blasio urges new yorkers to prepare for powerful snowstorm,0.09364130347967148,0.08637300133705139,0.8199856877326965,26/01/2015,5367
97,worry for solar projects after end of tax credits,0.2741376757621765,0.05057104676961899,0.6752912998199463,26/01/2015,5376
98,greek leftists adopt patti smith anthem people have the power as their own,0.05845879390835762,0.036528054624795914,0.9050132036209106,26/01/2015,5365
99,for olympic hopefuls antidoping rules will be an adjustment,0.09708977490663528,0.028101587668061256,0.8748086094856262,26/01/2015,5377
100,mass mob fills a manhattan church with hopes of saving it,0.05528552457690239,0.25805971026420593,0.6866547465324402,26/01/2015,5385
101,6 qs about the news the super bowl and the rumors of wrongdoing,0.04359456151723862,0.09302840381860733,0.8633769750595093,26/01/2015,5450
102,one who gives a hoot,0.07776659727096558,0.0386953204870224,0.8835381269454956,26/01/2015,5665
103,live arts aims high,0.08162582665681839,0.011524506844580173,0.9068496823310852,26/01/2015,5362
104,verizons mobile supercookies seen as threat to privacy,0.041939932852983475,0.5781028866767883,0.3799571096897125,26/01/2015,5361
105,remy charlip tribute at 92nd street y,0.04148751124739647,0.059151798486709595,0.899360716342926,26/01/2015,5360
106,new juilliard ensembles focus festival under joel sachs,0.2127172201871872,0.022999364882707596,0.7642834186553955,26/01/2015,5359
107,plans for brooklyn branches have merit,0.11650357395410538,0.010256248526275158,0.8732401728630066,26/01/2015,5358
108,patricia smith finds solace and success in poetry,0.14373993873596191,0.01398877426981926,0.8422713279724121,26/01/2015,5357
109,larry david racks up a big broadway advance,0.2625139355659485,0.045934759080410004,0.6915513277053833,26/01/2015,5356
110,mike krzyzewski earns 1000th win as duke tops st johns,0.2585875689983368,0.0497751459479332,0.6916372179985046,26/01/2015,5355
111,playing at one club but winning all over,0.1018860787153244,0.02445998787879944,0.8736538887023926,26/01/2015,5354
112,parallel exit performs everybody gets cake at 59e59,0.025174010545015335,0.06945022940635681,0.9053757786750793,26/01/2015,5353
113,ars nova announces its 2015 season,0.04334820806980133,0.022237379103899002,0.9344143867492676,26/01/2015,5363
114,who members endorse resolution to improve response to health emergencies,0.7192263007164001,0.01181692723184824,0.2689568102359772,26/01/2015,5386
115,obama to seek to protect millions of acres of arctic habitat,0.5020658373832703,0.013883511535823345,0.4840507209300995,26/01/2015,5335
116,grandvision plans to raise up to 1 2 billion in amsterdam i p o,0.18983614444732666,0.007513921242207289,0.8026499152183533,26/01/2015,5476
117,latest news obama in india new york blizzard australian open,0.04161849617958069,0.058977965265512466,0.8994035124778748,26/01/2015,5458
118,dior spring 2015 couture raf simons,0.04906219244003296,0.032559946179389954,0.9183778166770935,26/01/2015,5619
119,reid home after successful surgery,0.3271905183792114,0.26273810863494873,0.4100714325904846,26/01/2015,5618
120,catalogs after years of decline are revamped for changing times,0.06713610142469406,0.021355880424380302,0.9115079641342163,26/01/2015,5391
121,greece think flows not stocks,0.04773259907960892,0.048571400344371796,0.9036960005760193,26/01/2015,5632
122,alex sharp and russell janzen win barnes foundation prize,0.12890662252902985,0.041715264320373535,0.8293781280517578,26/01/2015,5615
123,at least 18 die in egypt in violence,0.02680070325732231,0.7409095168113708,0.23228974640369415,26/01/2015,5398
124,kerry meets with nigerian leaders to encourage peaceful election,0.6841956973075867,0.01966382935643196,0.29614049196243286,26/01/2015,5322
125,those radical vsps,0.10396034270524979,0.07432513684034348,0.8217145204544067,26/01/2015,5469
126,democrats set record in 2014 in fund raising anyway,0.33882373571395874,0.018018784001469612,0.643157422542572,26/01/2015,5468
127,widespread blackout in pakistan deals another blow to government,0.019765637814998627,0.9419007897377014,0.03833352029323578,26/01/2015,5321
128,in phoenix the seahawks push distractions aside,0.045581165701150894,0.5186867713928223,0.4357321262359619,26/01/2015,5394
129,boko haram attacks major nigerian city in a sustained assault,0.06906954944133759,0.7518835067749023,0.17904694378376007,26/01/2015,5318
130,greek election syriza,0.05172213912010193,0.07209363579750061,0.8761842250823975,26/01/2015,5317
131,daily report why messaging apps are so hot,0.03814677894115448,0.15660303831100464,0.8052502274513245,26/01/2015,5467
132,winning lottery numbers for jan 25 2015,0.029290035367012024,0.060045842081308365,0.9106641411781311,26/01/2015,5396
133,20150127_STORMPREP hp,0.035582758486270905,0.03431198000907898,0.9301052689552307,26/01/2015,5610
134,20150127_STORMPREP hp2,0.06338435411453247,0.02419799566268921,0.9124176502227783,26/01/2015,5745
135,mourinho full of praise after 3rd tier team upsets chelsea,0.7890297770500183,0.025639314204454422,0.18533089756965637,26/01/2015,5314
136,yemeni parliament cancels meeting on presidents resignation,0.011570065282285213,0.8488693237304688,0.13956069946289062,26/01/2015,5313
137,couture hair schiaparelli paris,0.03347780555486679,0.033474572002887726,0.9330476522445679,26/01/2015,5609
138,rand paul challenges marco rubio and ted cruz on iran,0.0842072069644928,0.07011649757623672,0.8456763029098511,26/01/2015,5620
139,a promising garbage workaround,0.8029665946960449,0.008274735882878304,0.1887587159872055,26/01/2015,5447
140,salt may not affect heart risks,0.09210392087697983,0.025474464520812035,0.882421612739563,26/01/2015,5457
141,whats going on in this picture jan 26 2015,0.02522851713001728,0.1033942773938179,0.871377170085907,26/01/2015,5466
142,zambias new president edgar lungu is sworn in,0.044098060578107834,0.032002732157707214,0.923899233341217,26/01/2015,5332
143,paris couture week dior spring summer 2015,0.0352044515311718,0.04234781861305237,0.9224477410316467,26/01/2015,5598
144,26working patricia smith audio,0.04562247917056084,0.08056823909282684,0.8738092184066772,26/01/2015,5331
145,helena morrissey aiming at britains glass ceilings gets results,0.09048233181238174,0.07693532109260559,0.8325822949409485,26/01/2015,5631
146,in sedona at super bowl time a little escape,0.07462096214294434,0.02731698751449585,0.8980620503425598,26/01/2015,5630
147,strong sales for hedwig on broadway,0.9422540664672852,0.025371624156832695,0.032374367117881775,26/01/2015,5599
148,as oil falls alaskas new chief faces a novel goal frugality,0.11649860441684723,0.04518922045826912,0.8383122086524963,26/01/2015,5402
149,flawed case contributes to acquittals in murder of costa rican turtle guardian,0.05498950928449631,0.8909872770309448,0.05402320250868797,26/01/2015,5601
150,it doesnt take a scientist to sense a shift in momentum,0.0630151629447937,0.0763687863945961,0.8606160283088684,26/01/2015,5401
151,why apps for messaging are trending,0.04286937788128853,0.08007127791643143,0.8770593404769897,26/01/2015,5387
152,diy printing studio douglas coupland art calendar,0.044259656220674515,0.027144666761159897,0.9285956621170044,26/01/2015,5621
153,to collect debts nursing home seizing control over patients,0.034156784415245056,0.08385321497917175,0.8819900155067444,26/01/2015,5399
154,sothebys raises its rates for buyers,0.41219422221183777,0.04662465676665306,0.5411810874938965,26/01/2015,5628
155,christie on air undiluted and pretty great if he says so himself,0.5213254690170288,0.011545066721737385,0.4671294391155243,26/01/2015,5388
156,albatross of debt weighs on super bowl city,0.041447918862104416,0.7289232611656189,0.2296288162469864,26/01/2015,5390
157,in taking up execution drugs case justices highlight importance of a single vote,0.07449743896722794,0.029233956709504128,0.8962686061859131,26/01/2015,5329
158,a boxing program gives young athletes in new york a fighting chance,0.2634196877479553,0.00946385320276022,0.7271164655685425,26/01/2015,5328
159,26NYTNOW EVENINGSS,0.0315554253757,0.08557669073343277,0.8828678727149963,26/01/2015,5624
160,jan 26 2015 photos of the day,0.03669118881225586,0.050859663635492325,0.912449061870575,26/01/2015,5623
161,white house says device found on grounds poses no threat,0.02602227032184601,0.20490023493766785,0.769077479839325,26/01/2015,5456
162,20150126POD,0.03558384254574776,0.046886201947927475,0.9175300002098083,26/01/2015,5622
163,giambattista valli spring 2015 couture,0.05603877082467079,0.05047693848609924,0.8934842944145203,26/01/2015,5605
164,obama lands in india with aim of improving ties,0.69086754322052,0.012422766536474228,0.29670971632003784,26/01/2015,5312
165,u s strengths buoy consumers but hurt corporations with business abroad,0.025106271728873253,0.9435372948646545,0.031356360763311386,27/01/2015,5896
166,justified recap the iconic cowboy sam elliott enters,0.07525822520256042,0.021934950724244118,0.9028067588806152,27/01/2015,5924
167,euro weakens and stocks fall in asia after election in greece,0.011301220394670963,0.9671052694320679,0.021593580022454262,27/01/2015,5393
168,alexis tsipiras greece coalition,0.04777175933122635,0.045322418212890625,0.9069058299064636,27/01/2015,5449
169,white house drone,0.03066861629486084,0.05652875453233719,0.9128026366233826,27/01/2015,5455
170,scores of philippine police officers killed in firefight with rebels,0.018706031143665314,0.9019433259963989,0.07935065031051636,27/01/2015,5454
171,obama makes the most of indias republic day parade,0.11522287130355835,0.028409508988261223,0.8563675880432129,27/01/2015,5433
172,when they cancel a performance at the met theres a good reason,0.0511501245200634,0.2765619456768036,0.6722878813743591,27/01/2015,5925
173,across the pacific by raft,0.11157252639532089,0.018425600603222847,0.8700019121170044,27/01/2015,5917
174,civil war submarines,0.027589259669184685,0.4308372437953949,0.5415734648704529,27/01/2015,5918
175,20150128_SNOW,0.046000026166439056,0.06476818770170212,0.88923180103302,27/01/2015,5920
176,potential perry rivals standwithrick on prosecution,0.16485343873500824,0.21801058948040009,0.6171360015869141,27/01/2015,5904
177,journalist damian pachter in argentina fearing for his safety flees to israel,0.03764645382761955,0.6420348882675171,0.3203185796737671,27/01/2015,5475
178,sheldon silver should resign already,0.03114740550518036,0.528045117855072,0.44080740213394165,27/01/2015,5803
179,can greeces anti austerity government succeed,0.12903322279453278,0.01896570436656475,0.8520010709762573,27/01/2015,5884
180,israel dissident reservists dismissed,0.032436199486255646,0.5460855960845947,0.4214780926704407,27/01/2015,5649
181,phoenix open may end with scramble to super bowl stadium,0.06344477087259293,0.03788968175649643,0.8986655473709106,27/01/2015,5648
182,us and india share sense of unease over china,0.017900310456752777,0.924721360206604,0.05737823620438576,27/01/2015,5647
183,seahawks dismiss talk of dynasty and focus on task at hand,0.04270965978503227,0.06811394542455673,0.8891764283180237,27/01/2015,5646
184,more than 50 years on south carolina city seeks to make it right,0.3282771408557892,0.009778941981494427,0.6619439721107483,27/01/2015,5645
185,islanders kyle okposo is sidelined,0.02600942924618721,0.6091870665550232,0.3648035526275635,27/01/2015,5643
186,killing of protester prompts rare criticism from egyptian state newspaper,0.019789081066846848,0.9209449887275696,0.059265900403261185,27/01/2015,5642
187,with new confidence rangers reanimate power play,0.16452108323574066,0.015107774175703526,0.8203710913658142,27/01/2015,5640
188,marcus borg liberal christian scholar dies at 72,0.04818149656057358,0.10559623688459396,0.8462222814559937,27/01/2015,5639
189,egyptian is convicted of genital mutilation,0.0328998938202858,0.7683587670326233,0.1987413763999939,27/01/2015,5638
190,argentine leader attacks spy agency amid furor over prosecutors death,0.019272204488515854,0.9115309715270996,0.06919682770967484,27/01/2015,5650
191,deandre yedlin by joining tottenham hotspur swims against tide on us team,0.07046103477478027,0.02014823630452156,0.9093906879425049,27/01/2015,5636
192,for students and some adults canceled school in new york comes as welcome news,0.8177008032798767,0.13267938792705536,0.04961980879306793,27/01/2015,5634
193,not dressed to impress and running into a high school classmate,0.04648039489984512,0.19300484657287598,0.7605146765708923,27/01/2015,5633
194,sp cuts russian debt one notch to junk level,0.04714326933026314,0.8274688720703125,0.12538784742355347,27/01/2015,5629
195,bp freezes workers wages as oil prices sink,0.009115943685173988,0.9432739615440369,0.04761005938053131,27/01/2015,5627
196,greek election reflects a deep divide in europe,0.07976055145263672,0.4252285361289978,0.4950108826160431,27/01/2015,5626
197,in emergencies companies are turning to employee tracking services,0.030834510922431946,0.16168324649333954,0.8074821829795837,27/01/2015,5625
198,my very educated readers just served us some new planet mnemonics,0.08818505704402924,0.017174245789647102,0.8946406841278076,27/01/2015,5617
199,microsoft quarterly earnings,0.021677199751138687,0.10753322392702103,0.8707895278930664,27/01/2015,5616
200,weekend scrambles top oscar prospects,0.09943833947181702,0.034538134932518005,0.8660235404968262,27/01/2015,5614
201,hoping to set sail on sunlight,0.15316715836524963,0.022220030426979065,0.8246127963066101,27/01/2015,5613
202,oklahoma asks justices to delay executions,0.027139268815517426,0.39027926325798035,0.5825814604759216,27/01/2015,5635
203,pace of deals picks up at sundance festival,0.7235051989555359,0.03995904698967934,0.23653575778007507,27/01/2015,5652
204,budget office slashes estimated cost of health coverage,0.009854857809841633,0.9553961157798767,0.034748997539281845,27/01/2015,5653
205,nissan plans 1000 new stations to quickly charge electric cars,0.16774873435497284,0.008683678694069386,0.8235675692558289,27/01/2015,5656
206,corrections january 27 2015,0.02295668050646782,0.07011838257312775,0.9069249629974365,27/01/2015,5684
207,quotation of the day,0.03285898268222809,0.06459265947341919,0.9025484323501587,27/01/2015,5683
208,whats on tv tuesday,0.027607697993516922,0.05148667097091675,0.9209056496620178,27/01/2015,5680
209,MEDIADAY,0.03879278525710106,0.0530819334089756,0.9081253409385681,27/01/2015,5888
210,gas still not as cheap as it used to be,0.20075549185276031,0.12032441794872284,0.6789200901985168,27/01/2015,5677
211,word of the day euthanasia,0.04958885908126831,0.06858174502849579,0.8818294405937195,27/01/2015,5675
212,robert kraft defends patriots amid uproar over deflated footballs,0.13505712151527405,0.4048698842525482,0.46007296442985535,27/01/2015,5674
213,27 fisc foia documents,0.02858915738761425,0.04360542073845863,0.9278054237365723,27/01/2015,5673
214,edgar froese leader of tangerine dream dies at 70,0.030853819102048874,0.27291762828826904,0.6962285041809082,27/01/2015,5672
215,white house to propose allowing oil drilling off atlantic coast,0.5399529933929443,0.01676475629210472,0.44328221678733826,27/01/2015,5671
216,new york city commuters hurry home to beat the storm,0.2701418995857239,0.08479076623916626,0.6450673341751099,27/01/2015,5670
217,sal polisi master woodcarver at south street seaport museum dies at 79,0.06525268405675888,0.07033096253871918,0.8644164204597473,27/01/2015,5669
218,reid is home after surgery for injuries,0.14109161496162415,0.5128692984580994,0.34603914618492126,27/01/2015,5668
219,joan riverss daughter files malpractice suit against manhattan clinic,0.020234528928995132,0.8688772916793823,0.11088821291923523,27/01/2015,5667
220,winning lottery numbers for jan 26 2015,0.0281944889575243,0.0655694231390953,0.9062361121177673,27/01/2015,5666
221,treatment of overdose will cost cities less,0.16854500770568848,0.01812712661921978,0.8133278489112854,27/01/2015,5664
222,wikileaks assails google and the us,0.014027543365955353,0.8105538487434387,0.1754186898469925,27/01/2015,5663
223,a nigerian city long under siege survives an audacious militant assault,0.05222312733530998,0.8086126446723938,0.13916422426700592,27/01/2015,5662
224,times squares crushing success raises questions about its future,0.14471636712551117,0.310729056596756,0.5445545315742493,27/01/2015,5661
225,us aid agency suspends group from new contracts,0.015256517566740513,0.8987733721733093,0.08597009629011154,27/01/2015,5660
226,saudi succession hinting at shift in foreign role,0.2965995669364929,0.1632966846227646,0.5401037335395813,27/01/2015,5659
227,fired fox employee kills himself outside news corp building,0.017268748953938484,0.8558452129364014,0.12688609957695007,27/01/2015,5658
228,plan to protect refuge has alaskans offended and fearful over money,0.0156245157122612,0.9520074725151062,0.0323680117726326,27/01/2015,5657
229,jdcom chinas other e commerce giant follows its own path,0.1089228093624115,0.009974098764359951,0.8811030983924866,27/01/2015,5612
230,greeces agonized cry to europe,0.10420416295528412,0.11011068522930145,0.7856851816177368,27/01/2015,5611
231,kurds isis syria kobani,0.02619263529777527,0.513572096824646,0.46023523807525635,27/01/2015,5608
232,budget forecast sees end to steep declines in federal deficit,0.06976460665464401,0.9135524034500122,0.01668296568095684,27/01/2015,5607
233,ukraine heavy fighting rebels donetsk,0.026279758661985397,0.7585498094558716,0.21517044305801392,27/01/2015,5548
234,27qna,0.0343286395072937,0.05583985894918442,0.9098314642906189,27/01/2015,5547
235,study suggests earlier use of tools by hominids,0.053572993725538254,0.027842143550515175,0.9185848832130432,27/01/2015,5546
236,steven brill tackles health care in americas bitter pill,0.08796457201242447,0.06737858802080154,0.8446568250656128,27/01/2015,5545
237,even in affluent towns rising tax bills mean angst and appeals,0.013259174302220345,0.9483300447463989,0.03841076418757439,27/01/2015,5544
238,skymall stumbles as airlines hone their sales pitches,0.010616244748234749,0.9674012660980225,0.021982615813612938,27/01/2015,5543
239,supreme court rules against retirees in health benefits case,0.036528050899505615,0.3483327627182007,0.6151392459869385,27/01/2015,5542
240,australian open madison keys to face her childhood idol venus williams next,0.08876212686300278,0.030195677652955055,0.8810421824455261,27/01/2015,5538
241,manhattan democratic leader calls on silver to quit post,0.02437649667263031,0.7054178714752197,0.27020561695098877,27/01/2015,5533
242,bryan stockton resigns as ceo from a reeling mattel,0.017860518768429756,0.7789753675460815,0.20316407084465027,27/01/2015,5529
243,the surprise isnt that an extreme party won in greece its that it took this long,0.1599847823381424,0.026759373024106026,0.8132558465003967,27/01/2015,5526
244,facebook said to block pages on muhammad to avoid ban in turkey,0.016964402049779892,0.6924053430557251,0.2906302213668823,27/01/2015,5521
245,so happy together,0.15078400075435638,0.03505240008234978,0.8141636252403259,27/01/2015,5519
246,autism diagnosis in siblings serves as poor indicator of risk,0.02335965447127819,0.6347596645355225,0.3418807089328766,27/01/2015,5509
247,after vote in greece alexis tsipras seeks to address debt,0.2949559986591339,0.01656467281281948,0.6884793043136597,27/01/2015,5508
248,marshawn lynchs gestures evoke jim mcmahons headband,0.03264559805393219,0.058577828109264374,0.9087766408920288,27/01/2015,5507
249,millions paid by x prize foundation for progress toward trip to moon,0.6300815939903259,0.011439820751547813,0.3584786355495453,27/01/2015,5502
250,how the smell of rain bubbles from the ground,0.04610408842563629,0.04499000683426857,0.9089059233665466,27/01/2015,5501
251,mubaraks sons are released from jail in egypt,0.10514338314533234,0.40472298860549927,0.4901336431503296,27/01/2015,5494
252,streetwear a little older and wiser at oamc,0.25014886260032654,0.03053007647395134,0.719321072101593,27/01/2015,5493
253,us envoy urges thailand to lift martial law,0.4010137915611267,0.13472440838813782,0.46426185965538025,27/01/2015,5491
254,new york blizzard,0.035343557596206665,0.04204939678311348,0.9226070642471313,27/01/2015,5481
255,revisiting andrea chenier,0.026537936180830002,0.047100476920604706,0.9263615608215332,27/01/2015,5479
256,church of england consecrates rev libby lane bishop,0.06991257518529892,0.02129558101296425,0.9087918996810913,27/01/2015,5550
257,the yale student and the policeman,0.08462866395711899,0.028938153758645058,0.8864331841468811,27/01/2015,5687
258,nets and knicks home games postponed by storm,0.017713075503706932,0.5542399287223816,0.4280470311641693,27/01/2015,5554
259,da hugh leonards 1978 tony winner via irish rep,0.1370687037706375,0.022807303816080093,0.8401240110397339,27/01/2015,5557
260,your letters end of life decisions and writing your story,0.04255056381225586,0.04485397785902023,0.9125953912734985,27/01/2015,5606
261,american experience explores the mastery of thomas edison,0.1257629245519638,0.01352375652641058,0.8607133626937866,27/01/2015,5604
262,marc cary brings his jazz specialty to ginnys supper club,0.0817466527223587,0.01881629042327404,0.8994370698928833,27/01/2015,5603
263,nevermore a musical biography of edgar allan poe,0.046716317534446716,0.060261089354753494,0.8930225968360901,27/01/2015,5602
264,marissa mayer and the fight to save yahoo by nicholas carlson,0.07602586597204208,0.02075696364045143,0.9032171964645386,27/01/2015,5600
265,cleaning up water by running it through dirt,0.030744431540369987,0.05636753514409065,0.9128881096839905,27/01/2015,5597
266,kochs plan to spend 900 million on 2016 campaign,0.34140685200691223,0.00867094099521637,0.649922251701355,27/01/2015,5596
267,releases from jamie cullum and charlie wilson,0.04066946730017662,0.033414363861083984,0.9259161949157715,27/01/2015,5595
268,hold the drug go straight to the source,0.032515183091163635,0.02423204481601715,0.9432527422904968,27/01/2015,5594
269,shove over cornish pasty balti curry vies for a spot on britains culinary honor roll,0.5798213481903076,0.039108287543058395,0.38107043504714966,27/01/2015,5592
270,wright foundation names architecture dean,0.0543513260781765,0.012951374985277653,0.9326973557472229,27/01/2015,5590
271,mariinsky ballet concludes brooklyn run with chopin,0.16338522732257843,0.05237532779574394,0.7842394709587097,27/01/2015,5589
272,20150127CHOPIN,0.053437355905771255,0.040424641221761703,0.906138002872467,27/01/2015,5588
273,cia officer in leak case jeffrey sterling is convicted of espionage,0.08451623469591141,0.42721015214920044,0.48827362060546875,27/01/2015,5585
274,3 charged with working as agents for russia in new york,0.032392717897892,0.21402671933174133,0.7535805702209473,27/01/2015,5581
275,snow leads met opera to cancel a premiere all broadway shows canceled,0.009245462715625763,0.9375138878822327,0.05324062332510948,27/01/2015,5580
276,post holdings buying mom brands for 1 15 billion,0.04769453778862953,0.016600102186203003,0.9357053637504578,27/01/2015,5577
277,robyn orlin and compagnie jant bi evoke senegalese tradition,0.055047616362571716,0.02572733722627163,0.9192250370979309,27/01/2015,5576
278,amphion string quartet at alice tully hall,0.06710689514875412,0.04611777141690254,0.8867753148078918,27/01/2015,5566
279,dominic ongwen lords resistance army war crimes court hague,0.0697740837931633,0.2824787199497223,0.6477472186088562,27/01/2015,5565
280,off the 3 d printer practice parts for the surgeon,0.10533683747053146,0.47306516766548157,0.42159798741340637,27/01/2015,5563
281,bill cleggs debut novel is did you ever have a family,0.043500322848558426,0.031030679121613503,0.9254689812660217,27/01/2015,5562
282,miranda cuckson at spectrum and paul huang at lincoln center,0.05578668415546417,0.02619628794491291,0.9180169701576233,27/01/2015,5560
283,cia drone yemen qaeda,0.03136255592107773,0.051939524710178375,0.9166979193687439,27/01/2015,5556
284,diagnosis the view of the psychiatric association,0.05188785493373871,0.034907400608062744,0.9132047295570374,27/01/2015,5688
285,amazon investigated in japan over child pornography,0.020137807354331017,0.9174472093582153,0.062415074557065964,27/01/2015,5679
286,david brooks how to leave a mark,0.04911356419324875,0.052622728049755096,0.898263692855835,27/01/2015,5690
287,gchq britain prank caller,0.026334645226597786,0.5819249749183655,0.3917403817176819,27/01/2015,5464
288,artist profile parker ito,0.03077906183898449,0.03277541324496269,0.9364455342292786,27/01/2015,5817
289,on discrimination the mormon church gives and takes away,0.04037178307771683,0.07004047185182571,0.8895877599716187,27/01/2015,5814
290,snowstorm juno timelapse,0.03551224619150162,0.2807947099208832,0.683692991733551,27/01/2015,5812
291,paris couture week bouchra jarrar spring summer 2015,0.03976534307003021,0.08135052770376205,0.8788841366767883,27/01/2015,5805
292,trying to lose her fashion inhibitions,0.04947624355554581,0.1583552211523056,0.7921685576438904,27/01/2015,5804
293,senate democrats bowing to obama put off iran vote,0.10323899984359741,0.676989734172821,0.21977131068706512,27/01/2015,5802
294,scott walker our american revival president 2016,0.07664655894041061,0.02129734493792057,0.9020560383796692,27/01/2015,5798
295,sundance 2015 the strange tale of an amputated leg brought to you by kickstarter,0.09382723271846771,0.03760456666350365,0.8685681819915771,27/01/2015,5797
296,chris brown postpones tour,0.018904929980635643,0.5720550417900085,0.4090399742126465,27/01/2015,5796
297,ways yahoo could sell its alibaba shares without a big tax bill,0.1848912537097931,0.009418431669473648,0.805690348148346,27/01/2015,5793
298,mta blizzard reaction,0.07127635926008224,0.0679398849606514,0.8607837557792664,27/01/2015,5792
299,1915 indian receives victoria cross,0.19890445470809937,0.12336742877960205,0.6777281165122986,27/01/2015,5791
300,20150128NESTORM,0.04223545268177986,0.030370304360985756,0.9273942112922668,27/01/2015,5790
301,drones at the white house and in yemen,0.03125732019543648,0.09148884564638138,0.8772538304328918,27/01/2015,5789
302,joe nocera is vaping worse than smoking,0.060627054423093796,0.686606764793396,0.2527661621570587,27/01/2015,5689
303,most new york theaters and concert halls will reopen tuesday,0.07411391288042068,0.021345915272831917,0.9045401811599731,27/01/2015,5783
304,sundance 2015 amid the hipsters a perch for aging stars,0.18274666368961334,0.04077771678566933,0.7764756679534912,27/01/2015,5778
305,new greek debt deal will mean more brinkmanship,0.7647027969360352,0.026005471125245094,0.20929165184497833,27/01/2015,5777
306,27scene bouchra,0.04858629032969475,0.03343502804636955,0.9179787039756775,27/01/2015,5776
307,paris couture week alexis mabille spring summer 2015,0.035075023770332336,0.0771450474858284,0.887779951095581,27/01/2015,5772
308,paris couture giorgio armani prive ponytails,0.057073552161455154,0.026486923918128014,0.9164395332336426,27/01/2015,5824
309,armani prive spring 2015 couture,0.06163647770881653,0.029836855828762054,0.908526599407196,27/01/2015,5826
310,a new zealand festival coming to la mama,0.0938110202550888,0.03200488165020943,0.8741841316223145,27/01/2015,5827
311,inside a harvey weinstein story reporters notebook,0.030380945652723312,0.044978827238082886,0.9246402382850647,27/01/2015,5828
312,sugary drinks tied to earlier menstruation,0.0335659421980381,0.49050021171569824,0.47593384981155396,27/01/2015,5881
313,in dupont fight activist investor picks a strong target,0.31118375062942505,0.08467845618724823,0.6041377782821655,27/01/2015,5880
314,20150128oil ss,0.04013606905937195,0.02523937076330185,0.9346246123313904,27/01/2015,5879
315,new phase of space travel hopes to set sail on sunlight,0.22595195472240448,0.010710862465202808,0.7633371353149414,27/01/2015,5459
316,20150127 lens ross,0.03628062084317207,0.03292863816022873,0.9307907223701477,27/01/2015,5872
317,report sheds light on transgender sex workers in china,0.05670277029275894,0.2437148243188858,0.6995823979377747,27/01/2015,5870
318,27NYTNOW EVENINGSS,0.03199658915400505,0.08798132836818695,0.8800220489501953,27/01/2015,5868
319,historic gold nuggets stolen from wells fargo museum,0.046505775302648544,0.0795246958732605,0.873969554901123,27/01/2015,5866
320,jan 27 2015 photos of the day,0.03684650734066963,0.04867611080408096,0.9144774079322815,27/01/2015,5863
321,a climate hawk separates energy thought experiments from road maps,0.028653839603066444,0.038668833673000336,0.9326773285865784,27/01/2015,5862
322,sundance 2015 jane fonda and lily tomlin on women in hollywood,0.04153568297624588,0.048585195094347,0.9098791480064392,27/01/2015,5769
323,20150127POD,0.03482341393828392,0.04636602848768234,0.9188105463981628,27/01/2015,5861
324,paris couture week armani prive spring summer 2015,0.048415277153253555,0.05325542390346527,0.8983293175697327,27/01/2015,5853
325,27scene armani prive,0.09294930845499039,0.03125367686152458,0.8757970333099365,27/01/2015,5852
326,27scene armani,0.059176068753004074,0.038332272320985794,0.9024916887283325,27/01/2015,5850
327,how yahoos spinoff of its alibaba stake will work,0.024715280160307884,0.025029253214597702,0.9502554535865784,27/01/2015,5849
328,what were reading 25,0.03309609368443489,0.06252525746822357,0.9043787121772766,27/01/2015,5847
329,romney to be inducted into washingtons alfalfa club,0.08114130049943924,0.015188127756118774,0.903670608997345,27/01/2015,5843
330,even elusive animals leave dna and clues behind,0.033198367804288864,0.05978885665535927,0.9070127606391907,27/01/2015,4661
331,couture chanel flowers spring summer 2015,0.056764356791973114,0.03764083608984947,0.9055948257446289,27/01/2015,5840
332,house republicans ready to resume fight on immigration,0.1826220601797104,0.11224434524774551,0.7051336169242859,27/01/2015,5835
333,can this treatment help me theres a statistic for that,0.1564311534166336,0.015663236379623413,0.8279055953025818,27/01/2015,5463
334,los angeles opera season to open with domingo singing gianni schicchi,0.1693679392337799,0.026140902191400528,0.8044911623001099,27/01/2015,5856
335,a data science lender takes on student debt,0.0282042995095253,0.5957678556442261,0.37602782249450684,27/01/2015,5767
336,paris couture week chanel spring summer 2015,0.03698909282684326,0.051832299679517746,0.9111785888671875,27/01/2015,5785
337,bain capital to buy auto parts maker ti automotive,0.08473207801580429,0.01257016509771347,0.9026978015899658,27/01/2015,5764
338,close but not quite 9,0.2200338989496231,0.10451117902994156,0.6754549145698547,27/01/2015,5727
339,sleepy hollow recap karoake and henry knoxs vault,0.04033827781677246,0.02827991545200348,0.93138188123703,27/01/2015,5725
340,morning agenda subprime auto loans spun into gold,0.11867523193359375,0.07943995296955109,0.8018848299980164,27/01/2015,5722
341,first draft focus obama in saudi arabia,0.036211419850587845,0.02167125977575779,0.9421173334121704,27/01/2015,5765
342,chanel spring 2015 couture,0.052955467253923416,0.028629543259739876,0.9184150099754333,27/01/2015,5721
343,today in politics 83,0.0594954751431942,0.023597270250320435,0.9169071912765503,27/01/2015,5719
344,apologies all around after watch is presented as gift in taiwan,0.09828124940395355,0.014306128025054932,0.8874126672744751,27/01/2015,5718
345,daily report seeking e commerce supremacy in china one delivery at a time,0.173979714512825,0.01613684743642807,0.8098834753036499,27/01/2015,5717
346,new york today live updates on the winter storm,0.041485000401735306,0.025692572817206383,0.9328224062919617,27/01/2015,5713
347,latest news winter storm obama in saudi arabia apple earnings,0.08803567290306091,0.11779146641492844,0.7941728234291077,27/01/2015,5712
348,psychotherapy as a kind of art,0.036043114960193634,0.04344906657934189,0.9205077886581421,27/01/2015,5708
349,staying put and bearing witness to the holocaust,0.08071275055408478,0.03536903113126755,0.883918285369873,27/01/2015,5707
350,what would you do on a snow day,0.025876477360725403,0.10868248343467712,0.8654410243034363,27/01/2015,5706
351,i p o could value sunrise communications of switzerland at 3 7 billion,0.05514534190297127,0.01179479155689478,0.9330599308013916,27/01/2015,5705
352,aer lingus receptive to latest offer from british airways parent,0.9336099028587341,0.01263053622096777,0.05375964567065239,27/01/2015,5702
353,test yourself looking to uplift with navajo rez metal,0.3745522201061249,0.00910176057368517,0.616346001625061,27/01/2015,5700
354,dentons to merge with dacheng of china to create worlds largest law firm,0.20641840994358063,0.00861375592648983,0.784967839717865,27/01/2015,5699
355,an outage big but brief hits facebook and instagram,0.0156367477029562,0.9364305138587952,0.04793279990553856,27/01/2015,5698
356,who was flying that drone,0.029380369931459427,0.07788483798503876,0.8927348256111145,27/01/2015,5697
357,6 qs about the news learning from animal friendships,0.05572391301393509,0.022190479561686516,0.9220855832099915,27/01/2015,5696
358,q and a luigi tomba on privatized housing and political legitimacy in china,0.1024404913187027,0.01751774176955223,0.8800417184829712,27/01/2015,5695
359,bernard henri levi george soros save the new ukraine,0.16121099889278412,0.035717517137527466,0.8030714988708496,27/01/2015,5694
360,investing in our future at community colleges,0.21641521155834198,0.009080457501113415,0.7745043635368347,27/01/2015,5693
361,the humane death penalty charade,0.15790046751499176,0.06563141942024231,0.7764680981636047,27/01/2015,5692
362,20150127nytnow auschwitz,0.03407560661435127,0.061691828072071075,0.9042325615882874,27/01/2015,5729
363,in performance jonny donahoe of every brilliant thing,0.1054680198431015,0.03236867114901543,0.8621633648872375,27/01/2015,5728
364,the debt non spiral,0.057245947420597076,0.05138193443417549,0.8913721442222595,27/01/2015,5733
365,lattice semiconductor to buy silicon image,0.1378781795501709,0.010556761175394058,0.8515650629997253,27/01/2015,5763
366,verbatim boehner on his party,0.06166685000061989,0.07851006835699081,0.8598231077194214,27/01/2015,5762
367,a busy spring for charles lloyd,0.41198545694351196,0.18366412818431854,0.4043504297733307,27/01/2015,5761
368,27scene chanel,0.0458858460187912,0.06902468949556351,0.8850894570350647,27/01/2015,5758
369,27scene mabille,0.046302761882543564,0.06217131018638611,0.89152592420578,27/01/2015,5756
370,paris couture week giambattista valli spring summer 2015,0.05114477500319481,0.06266729533672333,0.8861879110336304,27/01/2015,5755
371,after year of growth prosper buys a surgical procedures lender,0.29956933856010437,0.008112266659736633,0.6923183798789978,27/01/2015,5754
372,27scene valli,0.08618177473545074,0.05270924046635628,0.8611090183258057,27/01/2015,5752
373,bouchra jarrar spring 2015 couture,0.04568598419427872,0.04784103110432625,0.9064729809761047,27/01/2015,5751
374,f t c calls for strong data and privacy protection with connected devices,0.5128300189971924,0.009901156648993492,0.47726887464523315,27/01/2015,5750
375,photographing the border the landscape behind the politics,0.06457658857107162,0.04086348041892052,0.894559919834137,27/01/2015,5747
376,daily clip report 110,0.025121910497546196,0.049527086317539215,0.9253509640693665,27/01/2015,5731
377,sundance 2015 a role worth dying for,0.1150054782629013,0.054588980972766876,0.8304055333137512,27/01/2015,5746
378,lyft now in talks for more funding pushes growth strategy,0.8266193270683289,0.010781265795230865,0.16259947419166565,27/01/2015,5743
379,s e c faces challenges over the constitutionality of some of its court proceedings,0.02207893133163452,0.9123228788375854,0.0655982568860054,27/01/2015,5741
380,totally prepared still freaking out,0.13262835144996643,0.2291533201932907,0.638218343257904,27/01/2015,5740
381,weekly news quiz jan 20 26 2015,0.025093091651797295,0.04839613661170006,0.926510751247406,27/01/2015,5739
382,the tyranny of greece over germany,0.03370296210050583,0.3969297409057617,0.5693672895431519,27/01/2015,5738
383,twitter adds group messaging and video recording,0.03814607858657837,0.04344448819756508,0.9184094667434692,27/01/2015,5737
384,1965 u k says farewell to churchill,0.12345611304044724,0.04182387515902519,0.8347200155258179,27/01/2015,5734
385,hillary clinton and her detractors reporters notebook,0.03017491288483143,0.08099661767482758,0.8888283967971802,27/01/2015,5744
386,president obama protects a valued wilderness,0.1841501146554947,0.029471250250935555,0.7863786816596985,27/01/2015,5691
387,the americans recap the problem with paige,0.1469229906797409,0.06192540004849434,0.7911516427993774,28/01/2015,6200
388,the people vs boko haram,0.04596533998847008,0.25684741139411926,0.6971871852874756,28/01/2015,6155
389,20150128 lens dust,0.03920256718993187,0.031299982219934464,0.929497480392456,28/01/2015,6150
390,bill belichick wore flip flops,0.02880493737757206,0.10257817804813385,0.8686169385910034,28/01/2015,6156
391,on long island a different scene,0.047058168798685074,0.08072301000356674,0.8722187876701355,28/01/2015,6191
392,after alibaba spinoff yahoo may become a takeover target,0.027859235182404518,0.029366694390773773,0.9427741169929504,28/01/2015,6168
393,buy or sell direct,0.02948116697371006,0.027447562664747238,0.9430713057518005,28/01/2015,6188
394,hungry city lolos seafood shack in harlem,0.036821234971284866,0.046537499874830246,0.9166412949562073,28/01/2015,4655
395,feta brine improves roast chicken,0.036356594413518906,0.03365054726600647,0.9299928545951843,28/01/2015,4939
396,20140128 HUNGRY,0.0335993692278862,0.04461625590920448,0.9217843413352966,28/01/2015,4657
397,crimeapark,0.04663655161857605,0.044342003762722015,0.9090214371681213,28/01/2015,7366
398,loretta lynch revisits an ultra long prison sentence,0.09390956908464432,0.23769766092300415,0.6683927178382874,28/01/2015,6136
399,gmo food labels,0.03316416218876839,0.0347544364631176,0.9320814609527588,28/01/2015,6611
400,special savings accounts for disabled people,0.02945876121520996,0.05247851833701134,0.918062686920166,28/01/2015,6621
401,the romance of wine,0.06749797612428665,0.044639088213443756,0.8878629207611084,28/01/2015,4988
402,28BIOFUELS,0.06183415651321411,0.0240673515945673,0.9140985012054443,28/01/2015,6204
403,28NYTNOW EVENINGSS,0.030394172295928,0.08104238659143448,0.8885635137557983,28/01/2015,6129
404,amazons got mail,0.10155259072780609,0.02323366142809391,0.8752137422561646,28/01/2015,6127
405,thomas friedman czar putins next moves,0.03088606707751751,0.0510990209877491,0.9180148839950562,28/01/2015,5946
406,viktor rolf spring 2015 couture,0.06928171217441559,0.032313719391822815,0.8984045386314392,28/01/2015,6034
407,20150128 REST,0.027845876291394234,0.05461755767464638,0.9175365567207336,28/01/2015,5819
408,texas chili makes a welcome guest,0.1857660859823227,0.012955965474247932,0.8012778759002686,28/01/2015,5524
409,martin brodeur to retire after 22 year career,0.02728990837931633,0.07546091824769974,0.8972492218017578,28/01/2015,5815
410,israeli opposition takes aim at netanyahu over planned speech to congress,0.01717756874859333,0.885116457939148,0.09770594537258148,28/01/2015,5813
411,sundance 2015 writers made photogenic crazy tales made poignant,0.04146959260106087,0.06732837855815887,0.8912020921707153,28/01/2015,6040
412,new cruises for single travelers,0.23760484158992767,0.010286668315529823,0.7521084547042847,28/01/2015,6041
413,missing bare chested celtic god last seen in northern ireland,0.04563238099217415,0.10662085562944412,0.847746729850769,28/01/2015,5811
414,seahawks pete carroll allows marshawn lynch to be himself,0.02794545888900757,0.04160560667514801,0.9304490089416504,28/01/2015,5810
415,reader idea student opinion questions as e l l writing prompts,0.03525010496377945,0.04144557937979698,0.9233042597770691,28/01/2015,6044
416,28DYNASTY_show,0.047430235892534256,0.03870236873626709,0.9138673543930054,28/01/2015,5809
417,houthi leader blames separatists in south yemen for political stalemate,0.013967268168926239,0.9246916770935059,0.061340995132923126,28/01/2015,5808
418,below the line visual effects of guardians of the galaxy,0.03630232438445091,0.06487981975078583,0.8988178968429565,28/01/2015,6033
419,shutting down new yorks subways is very expensive,0.009810945950448513,0.8988900184631348,0.09129896759986877,28/01/2015,5807
420,how 2014s huge market moves are affecting the economy in 2015,0.027331791818141937,0.5818073153495789,0.3908608555793762,28/01/2015,5801
421,obama plan calls for oil and gas drilling in the atlantic,0.1937984824180603,0.008724047802388668,0.7974774837493896,28/01/2015,5800
422,fidel castro breaks silence over thaw in us cuba relations,0.09941659867763519,0.5621092319488525,0.33847418427467346,28/01/2015,5799
423,28childrens,0.025472085922956467,0.09122253209352493,0.8833053708076477,28/01/2015,6045
424,a food sisterhood flourishes in north carolina,0.11686228215694427,0.021636992692947388,0.8615006804466248,28/01/2015,5795
425,20150128 CAROLINA,0.03069639950990677,0.05386463552713394,0.9154390096664429,28/01/2015,5794
426,from buzz to bombs a dispatch from the sundance film festival,0.031190212815999985,0.0406440868973732,0.9281657338142395,28/01/2015,6046
427,jams to join the california cooking comeback,0.09175952523946762,0.03607677295804024,0.8721636533737183,28/01/2015,5787
428,isis threatens kenji goto and moaz al kasabeh,0.015585615299642086,0.7692480087280273,0.21516641974449158,28/01/2015,5786
429,28firstdraft crowley,0.032098375260829926,0.045881565660238266,0.9220200777053833,28/01/2015,6049
430,whitewashing the crazy fed edition,0.04470249265432358,0.12813904881477356,0.827158510684967,28/01/2015,6050
431,verbatim scott walker on being boring,0.048320624977350235,0.04917891323566437,0.9025004506111145,28/01/2015,6051
432,sheldon silver to be replaced as speaker of new york state assembly,0.01779080741107464,0.6695586442947388,0.312650591135025,28/01/2015,5806
433,restaurant review blue smoke and north end grill,0.03621570020914078,0.02668341062963009,0.9371009469032288,28/01/2015,5820
434,another standardized test this time of citizenship,0.06066039204597473,0.01827682927250862,0.9210628271102905,28/01/2015,6032
435,keystone pipeline votes add wrinkle to lynch hearing,0.02062676101922989,0.9191791415214539,0.060194116085767746,28/01/2015,6030
436,obama will drop proposal to end 529 college savings plans,0.01773614063858986,0.7798656821250916,0.20239822566509247,28/01/2015,5857
437,angelina jolie on the syrians and iraqis who cant go home,0.028086388483643532,0.22035057842731476,0.7515630125999451,28/01/2015,5855
438,parsons dance performs at the joyce theater,0.04613978788256645,0.03987232223153114,0.9139878749847412,28/01/2015,5854
439,timbuktu an abderrahmane sissako film about radical islam,0.07345419377088547,0.044556040316820145,0.8819897174835205,28/01/2015,5851
440,apple quarterly earnings,0.025099661201238632,0.09166114777326584,0.8832391500473022,28/01/2015,5848
441,1915 telephone call across america,0.08509600907564163,0.016599709168076515,0.898304283618927,28/01/2015,6016
442,smithsonian considers opening london location,0.07918006181716919,0.014556185342371464,0.9062637090682983,28/01/2015,5845
443,kazuo shiraga foot painter gutai art,0.04535342752933502,0.052313558757305145,0.9023329615592957,28/01/2015,6112
444,shake shack pumps up i p o to 95 million,0.33618301153182983,0.011829150840640068,0.6519878506660461,28/01/2015,6018
445,yahoo earnings alibaba spinoff,0.020381523296236992,0.23616795241832733,0.7434505224227905,28/01/2015,5841
446,suits usas dramedy about corporate lawyers,0.031723666936159134,0.10318692028522491,0.865089476108551,28/01/2015,5837
447,firefight kills 4 in kashmir,0.033557504415512085,0.8290305137634277,0.13741205632686615,28/01/2015,5836
448,the americans returns to fx with season 3,0.09785003960132599,0.013139689341187477,0.8890102505683899,28/01/2015,5834
449,ben franklins bones on pbs illuminates grave robbing,0.03229411691427231,0.05577167123556137,0.9119341969490051,28/01/2015,5833
450,sorority support for lynch,0.3025684952735901,0.09218385815620422,0.6052476167678833,28/01/2015,6019
451,kathryn garcia new york sanitation commissioner faced first major test,0.042419932782649994,0.06855554133653641,0.889024555683136,28/01/2015,5830
452,36 hours belfast interactive map,0.03768669813871384,0.033613868057727814,0.9286994934082031,28/01/2015,6020
453,a push for a greater government role in housing finance,0.3643917739391327,0.01143825426697731,0.6241699457168579,28/01/2015,6024
454,regulators crack down on marketers of unlimited data plans,0.012845066376030445,0.8889604806900024,0.09819450229406357,28/01/2015,6025
455,jan 28 2015 pictures of the day,0.04042728245258331,0.05223364010453224,0.9073390364646912,28/01/2015,6109
456,snowstorms forecasters were mostly right,0.053011905401945114,0.24228952825069427,0.7046985626220703,28/01/2015,5825
457,jean paul gaultier spring 2015 couture,0.04535061493515968,0.04722585901618004,0.9074235558509827,28/01/2015,6026
458,a way to hasten bank reform in greece,0.21312566101551056,0.013703903183341026,0.7731704115867615,28/01/2015,6027
459,questions about blown blizzard forecasts and the gender of blizzard forecasters,0.021225910633802414,0.1756768822669983,0.8030971884727478,28/01/2015,6028
460,rand paul and ted cruz join forces against the fed,0.14549781382083893,0.26350879669189453,0.5909934043884277,28/01/2015,6029
461,s o s poems 1961 2013 works by amiri baraka,0.10180947184562683,0.05120643228292465,0.8469840288162231,28/01/2015,5822
462,aer lingus deal could spur airline consolidation in europe,0.8946020007133484,0.019906258210539818,0.08549175411462784,28/01/2015,5821
463,ok go video and volcano journey make the cut for drone film festival,0.03876208886504173,0.037783168256282806,0.9234547019004822,28/01/2015,6053
464,my name is hmmm a french road movie,0.041602205485105515,0.05567624792456627,0.9027215838432312,28/01/2015,5858
465,momofuku milk bar pops up,0.11749190092086792,0.029804475605487823,0.8527035713195801,28/01/2015,5553
466,20150128POD,0.031382203102111816,0.049182116985321045,0.9194357395172119,28/01/2015,6108
467,snow storm new england,0.03429089114069939,0.5583464503288269,0.407362699508667,28/01/2015,5724
468,signs for hope in basels bank regulation agenda,0.7388525009155273,0.01717507839202881,0.24397240579128265,28/01/2015,6082
469,india on a griddle a savory dosa recipe worth the effort,0.3053293824195862,0.023226844146847725,0.6714438199996948,28/01/2015,4957
470,28viktor rolf,0.06267626583576202,0.032741524279117584,0.9045822024345398,28/01/2015,6103
471,officer shoots man holding woman at knife point in lower manhattan police say,0.033236924558877945,0.6938153505325317,0.27294766902923584,28/01/2015,5723
472,house hearing iran nuclear talks sanctions,0.051500845700502396,0.12742282450199127,0.8210762739181519,28/01/2015,5720
473,king charles iii a hit in london is aiming at broadway,0.14920292794704437,0.02681688964366913,0.8239802122116089,28/01/2015,6085
474,thom browne and saint laurent mens fashion fall 2015,0.03092239238321781,0.04217981919646263,0.9268978238105774,28/01/2015,5716
475,flydubai jet hit by gunfire as it lands at baghdad airport,0.0180071871727705,0.9361971020698547,0.04579572379589081,28/01/2015,5715
476,natalie portman makes her couture debut at dior,0.09596167504787445,0.019656121730804443,0.8843821883201599,28/01/2015,5714
477,ulyana sergeenko couture beauty advice,0.029914719983935356,0.04246682673692703,0.9276185035705566,28/01/2015,6089
478,beppe severgnini gomorrah italys criminally great tv show,0.09831912815570831,0.10258638113737106,0.7990944981575012,28/01/2015,5711
479,islamic state tripoli libya terror attack,0.027764704078435898,0.5887701511383057,0.38346514105796814,28/01/2015,5726
480,new york blizzard,0.035343557596206665,0.04204939678311348,0.9226070642471313,28/01/2015,5710
481,patrick chappatte on the greek election,0.05884751304984093,0.04204469174146652,0.8991077542304993,28/01/2015,5709
482,obama ends visit with challenge to india on climate change,0.19241438806056976,0.05905740335583687,0.7485281825065613,28/01/2015,5704
483,siemens quarterly profit down 25 on weak economy and lower oil prices,0.011202198453247547,0.9716733694076538,0.017124397680163383,28/01/2015,5703
484,france counterterrorism raid,0.03448590263724327,0.12256617099046707,0.8429479002952576,28/01/2015,5701
485,alexander litvinenko robert owen britain inquiry,0.0849752128124237,0.03686811029911041,0.8781566619873047,28/01/2015,5686
486,paris couture week viktor rolf spring summer 2015,0.03345174714922905,0.06754552572965622,0.899002730846405,28/01/2015,6101
487,sharapova romps into australian open semifinals,0.10807257145643234,0.13895657658576965,0.7529709339141846,28/01/2015,5682
488,australian open rafael nadal tomas berdych,0.03690167888998985,0.03282361477613449,0.9302747249603271,28/01/2015,5681
489,documents show nsas wiretap moves before congresss approval,0.03107338957488537,0.06105417758226395,0.9078724384307861,28/01/2015,5678
490,charles blow reducing our obscene level of child poverty,0.2605172395706177,0.17855572700500488,0.5609270334243774,28/01/2015,5947
491,walkabout tourism in tripoli creates optimism,0.9022975564002991,0.04018145799636841,0.057520996779203415,28/01/2015,6100
492,adoptees sought their roots and readers reacted,0.060988765209913254,0.018158800899982452,0.9208523631095886,28/01/2015,6091
493,referees and underinflated footballs,0.019236396998167038,0.3169536292552948,0.6638100147247314,28/01/2015,6090
494,obama leading a high powered delegation to saudi arabia,0.16909246146678925,0.012091964483261108,0.8188155293464661,28/01/2015,5676
495,expensive drugs work better than cheap ones,0.14891143143177032,0.018289990723133087,0.8327985405921936,28/01/2015,6078
496,paris couture hair viktor rolf spring summer 2015,0.040774956345558167,0.05059061199426651,0.9086344838142395,28/01/2015,6075
497,workers at londons national gallery plan five day strike,0.022195691242814064,0.6057971715927124,0.3720071315765381,28/01/2015,6058
498,perfectly reasonable questions gender of letter writers,0.05050067603588104,0.04182372987270355,0.907675564289093,28/01/2015,6059
499,1890 horrible sufferings at sea,0.033369291573762894,0.7661246061325073,0.2005060762166977,28/01/2015,6060
